{"feature1":63.9426798458,"feature2":1.1481021943,"target":96.8996257285}
{"feature1":2.5010755223,"feature2":72.072181936,"target":92.6366983008}
{"feature1":27.5029318369,"feature2":68.1710369027,"target":84.8695734414}
{"feature1":22.3210738149,"feature2":53.6970330409,"target":16.6311110604}
{"feature1":73.6471214164,"feature2":26.6825189953,"target":48.5641125451}
{"feature1":67.6699487423,"feature2":64.096179858,"target":21.3747299199}
{"feature1":89.2179567705,"feature2":11.1552173596,"target":40.1040292549}
{"feature1":8.6938832629,"feature2":43.4765250669,"target":5.8635399972}
{"feature1":42.1921819685,"feature2":45.3723706329,"target":37.8973118977}
{"feature1":2.9797219438,"feature2":95.3815927521,"target":98.530884378}
{"feature1":21.8637974804,"feature2":87.5852940378,"target":26.5203058172}
{"feature1":50.5355288103,"feature2":26.3389050751,"target":78.4070601949}
{"feature1":2.6535969684,"feature2":50.058611305,"target":45.5008367339}
{"feature1":19.8837650687,"feature2":17.865188053,"target":42.300748599}
{"feature1":64.988443778,"feature2":91.2627839345,"target":95.731764086}
{"feature1":54.4941480603,"feature2":87.0518569837,"target":99.5422689493}
{"feature1":22.0440622041,"feature2":29.8444791449,"target":55.5768323406}
{"feature1":58.9265683876,"feature2":63.8949494866,"target":71.8408275296}
{"feature1":80.9430456678,"feature2":60.8970211438,"target":15.4796825274}
{"feature1":0.6498759678,"feature2":15.283926855,"target":29.6707825495}
{"feature1":80.5819251833,"feature2":76.2510800075,"target":96.8709364969}
{"feature1":69.8139394988,"feature2":53.937903012,"target":57.9180290816}
{"feature1":34.0250516518,"feature2":77.8626478631,"target":54.2195201374}
{"feature1":15.5479499812,"feature2":53.0353672195,"target":74.7975560379}
{"feature1":95.7213072207,"feature2":0.0571896128,"target":5.7165272907}
{"feature1":33.6594545113,"feature2":32.4156057005,"target":58.4177594459}
{"feature1":9.274584338,"feature2":1.9476742386,"target":50.285038292}
{"feature1":9.6716376833,"feature2":92.9098616265,"target":85.2719892048}
{"feature1":84.7494366347,"feature2":87.8721877823,"target":15.7432727939}
{"feature1":60.3726031367,"feature2":83.1665529361,"target":96.0778903274}
{"feature1":80.7128273274,"feature2":30.7514125403,"target":8.0111465241}
{"feature1":72.9731786694,"feature2":5.7925166494,"target":18.5824960981}
{"feature1":53.6228091455,"feature2":87.8009599204,"target":59.503510645}
{"feature1":97.3115763979,"feature2":94.6949445298,"target":67.5212553604}
{"feature1":37.8534377208,"feature2":8.5653452068,"target":23.5203895001}
{"feature1":55.2040631273,"feature2":48.5990463317,"target":11.9886613947}
{"feature1":82.9404664253,"feature2":6.9212518468,"target":89.0287314129}
{"feature1":61.8519752364,"feature2":76.0602165257,"target":24.6215347789}
{"feature1":86.1706900311,"feature2":76.5834429307,"target":59.4519153533}
{"feature1":57.7352145257,"feature2":12.83914645,"target":61.9381510332}
{"feature1":70.4571836215,"feature2":47.5282378099,"target":41.9224915336}
{"feature1":4.5824383656,"feature2":54.9803593495,"target":58.3672289291}
{"feature1":22.7898275652,"feature2":26.505662894,"target":52.2782715532}
{"feature1":28.9387963602,"feature2":87.2433041085,"target":93.4706257736}
{"feature1":7.9791976924,"feature2":42.3137940201,"target":20.4259199424}
{"feature1":23.2790886361,"feature2":21.1798205442,"target":71.6191800789}
{"feature1":10.100142941,"feature2":53.9296088779,"target":23.8685952616}
{"feature1":27.797360311,"feature2":72.993106909,"target":39.5785846791}
{"feature1":63.5684444264,"feature2":20.115106339,"target":67.169022296}
{"feature1":36.483217897,"feature2":31.1716291301,"target":29.9997079799}
{"feature1":37.0180967117,"feature2":99.5149356661,"target":31.6177196272}
{"feature1":20.9507030771,"feature2":64.9878057639,"target":75.1864492414}
{"feature1":26.6977822049,"feature2":43.8100083915,"target":7.2543114493}
{"feature1":93.6654587712,"feature2":51.7575841036,"target":45.8285522619}
{"feature1":64.8035385247,"feature2":12.1004195868,"target":99.8454440854}
{"feature1":60.9131005667,"feature2":22.4697337032,"target":99.6096447855}
{"feature1":17.1138648198,"feature2":33.8085562147,"target":7.32607211}
{"feature1":72.912679795,"feature2":58.8308718457,"target":21.3154312267}
{"feature1":16.3402493762,"feature2":23.0114732597,"target":26.520041475}
{"feature1":37.9455441758,"feature2":22.0217384452,"target":93.3259377994}
{"feature1":98.9523350637,"feature2":7.0993086009,"target":88.0864173686}
{"feature1":63.9999759854,"feature2":63.110295727,"target":87.9270242485}
{"feature1":55.6949743775,"feature2":22.8941783811,"target":36.9527088739}
{"feature1":68.461425099,"feature2":90.5420013006,"target":15.7746832357}
{"feature1":84.285192019,"feature2":85.9635400254,"target":83.374495464}
{"feature1":77.5999911546,"feature2":7.0857349889,"target":70.3539925087}
{"feature1":22.9048071964,"feature2":23.8004634369,"target":61.1677765726}
{"feature1":3.2100243904,"feature2":66.8977778296,"target":98.7233063632}
{"feature1":31.5453048059,"feature2":21.423680737,"target":65.3976317711}
{"feature1":26.7740875976,"feature2":13.2311848725,"target":0.7823107152}
{"feature1":21.0982843586,"feature2":93.5514240581,"target":81.7104135115}
{"feature1":94.2909714335,"feature2":57.1043093325,"target":29.93787522}
{"feature1":87.6367626473,"feature2":47.2671026312,"target":66.3388714966}
{"feature1":31.4677880798,"feature2":78.4619424291,"target":93.8930003927}
{"feature1":65.5438665295,"feature2":80.7496997767,"target":13.4291114393}
{"feature1":39.5631901061,"feature2":19.0409914362,"target":11.5428670419}
{"feature1":91.4547589741,"feature2":9.6930814229,"target":10.7035977709}
{"feature1":45.8851852587,"feature2":43.1051182406,"target":55.3223640885}
{"feature1":26.4880166498,"feature2":42.357862302,"target":27.2348212315}
{"feature1":24.6627507694,"feature2":46.7024668037,"target":60.482982703}
{"feature1":56.1368134163,"feature2":72.907584946,"target":71.7612187139}
{"feature1":26.2741608523,"feature2":67.3364547293,"target":20.3597312327}
{"feature1":58.4585990224,"feature2":98.4165211366,"target":63.4237958885}
{"feature1":89.7822883602,"feature2":9.8417871152,"target":26.398390163}
{"feature1":39.940050514,"feature2":40.2621282102,"target":48.8531852149}
{"feature1":21.9320759157,"feature2":33.9302605395,"target":90.5336491079}
{"feature1":99.7537606495,"feature2":86.1672536353,"target":84.6103713295}
{"feature1":50.9526293676,"feature2":24.865633392,"target":9.2298467713}
{"feature1":9.0909412174,"feature2":19.0208908441,"target":42.3575772564}
{"feature1":4.7116375425,"feature2":44.8613547833,"target":27.6680223972}
{"feature1":10.9649130351,"feature2":42.1881639834,"target":0.3545689088}
{"feature1":62.7446041703,"feature2":27.8545144667,"target":77.111922302}
{"feature1":79.2079364363,"feature2":24.9806447882,"target":63.7113377301}
{"feature1":42.21599668,"feature2":92.3265599276,"target":26.1955262434}
{"feature1":6.3527706152,"feature2":44.3130745053,"target":74.1230908348}
{"feature1":38.1619286507,"feature2":86.1349104762,"target":55.1680421126}
{"feature1":99.612138024,"feature2":55.032531245,"target":42.7686918981}
{"feature1":52.9114345099,"feature2":5.0588329525,"target":0.9669699608}
{"feature1":97.1078377614,"feature2":99.9282468413,"target":7.5243860074}
{"feature1":86.0779702234,"feature2":83.602758508,"target":88.31063933}
